policy,metric,lower_95,upper_95,successful_replicates,failed_replicates,quantile_method,master_seed,stream_seed
"TF-IDF + logistic regression, Rank 1",calibration_recall,0.9655172413793104,1.0,10000,0,linear,42,286698944177204807558945131548144382902
"TF-IDF + logistic regression, Rank 1",evaluation_recall,0.9032258064516128,1.0,10000,0,linear,42,286698944177204807558945131548144382902
"TF-IDF + logistic regression, Rank 1",recall_drift,-0.0634037819799777,0.0344827586206896,10000,0,linear,42,286698944177204807558945131548144382902
"TF-IDF + logistic regression, Rank 1",calibration_retained_no_workload,0.1057952699043148,0.2478786784618162,10000,0,linear,42,286698944177204807558945131548144382902
"TF-IDF + logistic regression, Rank 1",evaluation_retained_no_workload,0.0977454138075899,0.2281193110208654,10000,0,linear,42,286698944177204807558945131548144382902
"TF-IDF + logistic regression, Rank 1",workload_drift,-0.0301404732805904,-0.0031241999070688,10000,0,linear,42,286698944177204807558945131548144382902
"TF-IDF + logistic regression, Rank 2",calibration_recall,0.9655172413793104,1.0,10000,0,linear,42,35124980142509380434463865131209630484
"TF-IDF + logistic regression, Rank 2",evaluation_recall,0.9032258064516128,1.0,10000,0,linear,42,35124980142509380434463865131209630484
"TF-IDF + logistic regression, Rank 2",recall_drift,-0.0634037819799777,0.0344827586206896,10000,0,linear,42,35124980142509380434463865131209630484
"TF-IDF + logistic regression, Rank 2",calibration_retained_no_workload,0.1059758079075645,0.2542020220256363,10000,0,linear,42,35124980142509380434463865131209630484
"TF-IDF + logistic regression, Rank 2",evaluation_retained_no_workload,0.095644867665593,0.2351211314941884,10000,0,linear,42,35124980142509380434463865131209630484
"TF-IDF + logistic regression, Rank 2",workload_drift,-0.0306414042989685,-0.0036090952522904,10000,0,linear,42,35124980142509380434463865131209630484
"TF-IDF + logistic regression, Rank 3",calibration_recall,0.9655172413793104,1.0,10000,0,linear,42,301004702237460650154518803911570837390
"TF-IDF + logistic regression, Rank 3",evaluation_recall,0.8870967741935484,1.0,10000,0,linear,42,301004702237460650154518803911570837390
"TF-IDF + logistic regression, Rank 3",recall_drift,-0.078420467185762,0.0344827586206896,10000,0,linear,42,301004702237460650154518803911570837390
"TF-IDF + logistic regression, Rank 3",calibration_retained_no_workload,0.1097671059758079,0.2206174399711139,10000,0,linear,42,301004702237460650154518803911570837390
"TF-IDF + logistic regression, Rank 3",evaluation_retained_no_workload,0.0985856322643887,0.2019325024506371,10000,0,linear,42,301004702237460650154518803911570837390
"TF-IDF + logistic regression, Rank 3",workload_drift,-0.0314085315368491,-0.0039478132160543,10000,0,linear,42,301004702237460650154518803911570837390
TF-IDF + linear SVM,calibration_recall,0.9655172413793104,1.0,10000,0,linear,42,80869313788597194522912479736667086463
TF-IDF + linear SVM,evaluation_recall,0.8870967741935484,1.0,10000,0,linear,42,80869313788597194522912479736667086463
TF-IDF + linear SVM,recall_drift,-0.0795328142380422,0.0344827586206896,10000,0,linear,42,80869313788597194522912479736667086463
TF-IDF + linear SVM,calibration_retained_no_workload,0.1095865679725582,0.2220617439971114,10000,0,linear,42,80869313788597194522912479736667086463
TF-IDF + linear SVM,evaluation_retained_no_workload,0.0980254866265229,0.2029127573169024,10000,0,linear,42,80869313788597194522912479736667086463
TF-IDF + linear SVM,workload_drift,-0.0314487329081441,-0.0044033531223985,10000,0,linear,42,80869313788597194522912479736667086463
TF-IDF + Naive Bayes,calibration_recall,0.9655172413793104,1.0,10000,0,linear,42,39179979644294485021387203971925084400
TF-IDF + Naive Bayes,evaluation_recall,0.7580645161290323,0.9838709677419356,10000,0,linear,42,39179979644294485021387203971925084400
TF-IDF + Naive Bayes,recall_drift,-0.2085650723025583,0.0022246941045606,10000,0,linear,42,39179979644294485021387203971925084400
TF-IDF + Naive Bayes,calibration_retained_no_workload,0.1496614912439068,0.3406752121321538,10000,0,linear,42,39179979644294485021387203971925084400
TF-IDF + Naive Bayes,evaluation_retained_no_workload,0.1330345889931382,0.3176025766699342,10000,0,linear,42,39179979644294485021387203971925084400
TF-IDF + Naive Bayes,workload_drift,-0.0400773180987338,-0.0094314882042647,10000,0,linear,42,39179979644294485021387203971925084400
GTE 8192 + logistic regression,calibration_recall,0.9655172413793104,1.0,10000,0,linear,42,202171376676421519419492635824746935616
GTE 8192 + logistic regression,evaluation_recall,0.935483870967742,1.0,10000,0,linear,42,202171376676421519419492635824746935616
GTE 8192 + logistic regression,recall_drift,-0.032258064516129,0.0344827586206896,10000,0,linear,42,202171376676421519419492635824746935616
GTE 8192 + logistic regression,calibration_retained_no_workload,0.1567069868207257,0.380574110850334,10000,0,linear,42,202171376676421519419492635824746935616
GTE 8192 + logistic regression,evaluation_retained_no_workload,0.1410166643327265,0.3636745553843999,10000,0,linear,42,202171376676421519419492635824746935616
GTE 8192 + logistic regression,workload_drift,-0.0266471248583487,0.0022215244279092,10000,0,linear,42,202171376676421519419492635824746935616
GTE 512 + logistic regression,calibration_recall,0.9655172413793104,1.0,10000,0,linear,42,197279930511093069823334406517846797311
GTE 512 + logistic regression,evaluation_recall,0.9516129032258064,1.0,10000,0,linear,42,197279930511093069823334406517846797311
GTE 512 + logistic regression,recall_drift,-0.0311457174638486,0.0344827586206896,10000,0,linear,42,197279930511093069823334406517846797311
GTE 512 + logistic regression,calibration_retained_no_workload,0.149666004693988,0.3756995847625925,10000,0,linear,42,197279930511093069823334406517846797311
GTE 512 + logistic regression,evaluation_retained_no_workload,0.1345749894972693,0.3533118610838818,10000,0,linear,42,197279930511093069823334406517846797311
GTE 512 + logistic regression,workload_drift,-0.0285636061729181,0.0041810032912221,10000,0,linear,42,197279930511093069823334406517846797311
MedCPT 512 + logistic regression,calibration_recall,0.9655172413793104,1.0,10000,0,linear,42,175920041585934635166564051899999126418
MedCPT 512 + logistic regression,evaluation_recall,0.9032258064516128,1.0,10000,0,linear,42,175920041585934635166564051899999126418
MedCPT 512 + logistic regression,recall_drift,-0.0623192436040044,0.0344827586206896,10000,0,linear,42,175920041585934635166564051899999126418
MedCPT 512 + logistic regression,calibration_retained_no_workload,0.1509252572666546,0.3480772702653908,10000,0,linear,42,175920041585934635166564051899999126418
MedCPT 512 + logistic regression,evaluation_retained_no_workload,0.1344314521775661,0.3173225038510012,10000,0,linear,42,175920041585934635166564051899999126418
MedCPT 512 + logistic regression,workload_drift,-0.0367156276663707,-0.0054585940855183,10000,0,linear,42,175920041585934635166564051899999126418
