embedding_dimension,coefficient,intercept
0,-0.937190299419665,-8.48872798841978
1,0.933863997415839,-8.48872798841978
2,0.04830552617503375,-8.48872798841978
3,-0.35651040615880025,-8.48872798841978
4,0.08722097252692122,-8.48872798841978
5,0.8730775749584524,-8.48872798841978
6,0.4090079458130483,-8.48872798841978
7,-0.49405095199966165,-8.48872798841978
8,1.1704402248421744,-8.48872798841978
9,-0.5578645981039557,-8.48872798841978
10,1.701828743852871,-8.48872798841978
11,-1.4917665665716502,-8.48872798841978
12,1.640205573634061,-8.48872798841978
13,-0.3197357254138248,-8.48872798841978
14,-0.16680101749635018,-8.48872798841978
15,-0.08839183395261266,-8.48872798841978
16,0.7690487831218813,-8.48872798841978
17,-0.7908554430416742,-8.48872798841978
18,1.467854161381435,-8.48872798841978
19,0.9245888817853907,-8.48872798841978
20,1.9091108593315669,-8.48872798841978
21,-0.16003216773031603,-8.48872798841978
22,-1.4978926322537072,-8.48872798841978
23,0.4392916010270919,-8.48872798841978
24,-2.6390490644690296,-8.48872798841978
25,-0.049331325315933025,-8.48872798841978
26,1.2632373773349557,-8.48872798841978
27,-2.2796123511706936,-8.48872798841978
28,-1.7839034592531666,-8.48872798841978
29,0.6690023967720627,-8.48872798841978
30,0.9281560374460909,-8.48872798841978
31,-0.9982810020290125,-8.48872798841978
32,0.7055754301934408,-8.48872798841978
33,-0.01360258563786702,-8.48872798841978
34,-0.0687201570920112,-8.48872798841978
35,-1.8649652686719653,-8.48872798841978
36,0.04013910350910307,-8.48872798841978
37,-0.02914508612423232,-8.48872798841978
38,-1.457301525625011,-8.48872798841978
39,0.6483756476294392,-8.48872798841978
40,-1.7614542486401623,-8.48872798841978
41,-0.16602701122975913,-8.48872798841978
42,-0.06642854908121273,-8.48872798841978
43,0.9144582173645724,-8.48872798841978
44,-0.5242535741909159,-8.48872798841978
45,0.0490329400403226,-8.48872798841978
46,0.25313499801973555,-8.48872798841978
47,-0.9992210906968328,-8.48872798841978
48,2.235651691208578,-8.48872798841978
49,1.658533105079564,-8.48872798841978
50,1.212780500950264,-8.48872798841978
51,-1.2466109280669313,-8.48872798841978
52,-0.5089713830009327,-8.48872798841978
53,1.2108130106889206,-8.48872798841978
54,0.18505431652571583,-8.48872798841978
55,-0.302978606781774,-8.48872798841978
56,1.2468476192003455,-8.48872798841978
57,0.23968228143509251,-8.48872798841978
58,0.2991116736611227,-8.48872798841978
59,0.3180843629799594,-8.48872798841978
60,1.3161228704585277,-8.48872798841978
61,0.0371157470009483,-8.48872798841978
62,0.06276413820948665,-8.48872798841978
63,1.168541965841841,-8.48872798841978
64,-1.323444213040473,-8.48872798841978
65,0.5236739921822625,-8.48872798841978
66,-0.27087011691999097,-8.48872798841978
67,-0.7784409759630394,-8.48872798841978
68,2.0398428719023207,-8.48872798841978
69,-0.6475100842677112,-8.48872798841978
70,0.9538741271653466,-8.48872798841978
71,1.2263589066915064,-8.48872798841978
72,-1.1428912260679185,-8.48872798841978
73,-0.5247131689907942,-8.48872798841978
74,-0.810412649765831,-8.48872798841978
75,1.927208188471167,-8.48872798841978
76,-0.8290103867211585,-8.48872798841978
77,-0.27615479900720685,-8.48872798841978
78,1.880614175426292,-8.48872798841978
79,1.841144259671859,-8.48872798841978
80,1.9415303177879,-8.48872798841978
81,-0.18559983320992535,-8.48872798841978
82,0.10632005960784564,-8.48872798841978
83,-1.1814672117056972,-8.48872798841978
84,-0.037258560862538016,-8.48872798841978
85,-3.479102793010426,-8.48872798841978
86,-1.1565317494225238,-8.48872798841978
87,-1.7986126294858804,-8.48872798841978
88,-1.3091170975451705,-8.48872798841978
89,-0.16690173400629213,-8.48872798841978
90,0.795128503562978,-8.48872798841978
91,0.07436671568809025,-8.48872798841978
92,1.8289466218930974,-8.48872798841978
93,-0.6509990107131037,-8.48872798841978
94,1.5037814265760185,-8.48872798841978
95,2.8731690630652618,-8.48872798841978
96,2.568218143143241,-8.48872798841978
97,-1.7532762727794462,-8.48872798841978
98,1.4367355195646647,-8.48872798841978
99,1.484006498748431,-8.48872798841978
100,-0.42572195205881214,-8.48872798841978
101,-1.5750682169200532,-8.48872798841978
102,1.7630556688366772,-8.48872798841978
103,-0.7059694395961035,-8.48872798841978
104,2.406099516188759,-8.48872798841978
105,0.3607628994700788,-8.48872798841978
106,0.7413418259804123,-8.48872798841978
107,0.9254324679119489,-8.48872798841978
108,0.10802991946067768,-8.48872798841978
109,-0.2735037857945224,-8.48872798841978
110,-3.1036195715800465,-8.48872798841978
111,0.4754190232253525,-8.48872798841978
112,0.5133580916459489,-8.48872798841978
113,1.3804598727930661,-8.48872798841978
114,-0.9131545611520229,-8.48872798841978
115,0.39061142973733104,-8.48872798841978
116,-0.9261513573992672,-8.48872798841978
117,-0.3016094658110014,-8.48872798841978
118,-0.7040967953635717,-8.48872798841978
119,-0.020170418383202403,-8.48872798841978
120,-0.8795480426292506,-8.48872798841978
121,0.03737283126763431,-8.48872798841978
122,-0.24612349397052857,-8.48872798841978
123,-0.49728553189042435,-8.48872798841978
124,0.56607855975319,-8.48872798841978
125,0.6296563220753827,-8.48872798841978
126,0.5648964484656446,-8.48872798841978
127,-2.890250912627362,-8.48872798841978
128,-0.898689167725308,-8.48872798841978
129,-1.4273953482373434,-8.48872798841978
130,1.5679477067194207,-8.48872798841978
131,0.34552376239013,-8.48872798841978
132,0.11905605720665147,-8.48872798841978
133,-0.2300928337212446,-8.48872798841978
134,0.15701081857609295,-8.48872798841978
135,-0.4082950669806254,-8.48872798841978
136,0.6421661098156662,-8.48872798841978
137,0.17479450201059987,-8.48872798841978
138,0.32463920518610323,-8.48872798841978
139,1.2549672670187428,-8.48872798841978
140,0.12027682517219714,-8.48872798841978
141,-0.6948352701289203,-8.48872798841978
142,-0.013667234728151876,-8.48872798841978
143,0.34533120399507744,-8.48872798841978
144,-0.988459142403931,-8.48872798841978
145,0.5104044762550325,-8.48872798841978
146,-0.6983850754060353,-8.48872798841978
147,0.45333931640238717,-8.48872798841978
148,0.22235135181938637,-8.48872798841978
149,1.5661165048747612,-8.48872798841978
150,0.8265931138763364,-8.48872798841978
151,-0.7426399784819752,-8.48872798841978
152,1.4371855918865184,-8.48872798841978
153,-0.20230957585677906,-8.48872798841978
154,0.20089579200053997,-8.48872798841978
155,-0.4439294549305156,-8.48872798841978
156,0.6166931441988299,-8.48872798841978
157,-0.41128638824702246,-8.48872798841978
158,0.6551141399762219,-8.48872798841978
159,0.2997299344242794,-8.48872798841978
160,0.4176923734752618,-8.48872798841978
161,1.1573498643845896,-8.48872798841978
162,-0.7687357132779252,-8.48872798841978
163,-2.070803278690097,-8.48872798841978
164,-1.0277084255275646,-8.48872798841978
165,-1.2547948162987475,-8.48872798841978
166,0.10537375722714476,-8.48872798841978
167,0.8919257864855575,-8.48872798841978
168,1.3949743523535776,-8.48872798841978
169,2.491076608386224,-8.48872798841978
170,0.6445993518384128,-8.48872798841978
171,-0.00166931818307553,-8.48872798841978
172,-0.6857865646387636,-8.48872798841978
173,-0.378195663384268,-8.48872798841978
174,-0.2803192330429414,-8.48872798841978
175,0.7118074175234221,-8.48872798841978
176,0.861047451638656,-8.48872798841978
177,0.8797404853847475,-8.48872798841978
178,-1.2254780310888391,-8.48872798841978
179,0.06118839404437091,-8.48872798841978
180,0.5985929379158039,-8.48872798841978
181,-1.9789866246000005,-8.48872798841978
182,0.18088626565752208,-8.48872798841978
183,-0.8130299547186748,-8.48872798841978
184,1.2442772145046832,-8.48872798841978
185,-1.0666806573566006,-8.48872798841978
186,-0.06587654879400517,-8.48872798841978
187,0.8384020835320904,-8.48872798841978
188,-1.8775990974887447,-8.48872798841978
189,-1.002007796412432,-8.48872798841978
190,0.4954207458390733,-8.48872798841978
191,1.5332588112631564,-8.48872798841978
192,-0.09325739726127702,-8.48872798841978
193,-0.7698896695930193,-8.48872798841978
194,-0.9705067788008872,-8.48872798841978
195,-2.0869910400486167,-8.48872798841978
196,-0.41501613547383004,-8.48872798841978
197,-0.42156036930797625,-8.48872798841978
198,-1.0061816793314446,-8.48872798841978
199,-0.13863453203154852,-8.48872798841978
200,-0.3171978210551994,-8.48872798841978
201,0.133996568236749,-8.48872798841978
202,0.218659808587651,-8.48872798841978
203,-1.8154324874730456,-8.48872798841978
204,0.8427098609543194,-8.48872798841978
205,-0.5074227414448045,-8.48872798841978
206,0.24090959150586236,-8.48872798841978
207,0.5140598657936313,-8.48872798841978
208,-1.2714620696784023,-8.48872798841978
209,-0.352343460538296,-8.48872798841978
210,0.10657996408290263,-8.48872798841978
211,-0.45860887417798674,-8.48872798841978
212,1.2424330477963776,-8.48872798841978
213,-0.352430309272224,-8.48872798841978
214,1.1629115136416082,-8.48872798841978
215,-0.3547003551936248,-8.48872798841978
216,0.5633897399562353,-8.48872798841978
217,-0.9585722929343855,-8.48872798841978
218,-0.06599792591926722,-8.48872798841978
219,-0.2426512692324404,-8.48872798841978
220,0.5346164769556698,-8.48872798841978
221,0.5184504987068604,-8.48872798841978
222,-0.6851817265077816,-8.48872798841978
223,-1.0643298291239565,-8.48872798841978
224,0.5494452123774541,-8.48872798841978
225,0.18481966094079952,-8.48872798841978
226,0.009899212369423925,-8.48872798841978
227,-0.2536197778093979,-8.48872798841978
228,-1.110044265640327,-8.48872798841978
229,-0.29583033579314305,-8.48872798841978
230,1.2190443265804225,-8.48872798841978
231,-0.18252630124888458,-8.48872798841978
232,0.9651226279844445,-8.48872798841978
233,0.6811736287501948,-8.48872798841978
234,0.3446196321871221,-8.48872798841978
235,-0.08064379606026031,-8.48872798841978
236,0.32838566181799617,-8.48872798841978
237,-0.7209514321406447,-8.48872798841978
238,-0.6535966587516733,-8.48872798841978
239,2.389180321584508,-8.48872798841978
240,-0.6536128314677896,-8.48872798841978
241,-1.5878668737203705,-8.48872798841978
242,0.8231671766253695,-8.48872798841978
243,1.8096093958530421,-8.48872798841978
244,1.1422601619297164,-8.48872798841978
245,-0.6754864116355961,-8.48872798841978
246,-0.045093095402675365,-8.48872798841978
247,-0.8226479050754766,-8.48872798841978
248,1.6338455203937845,-8.48872798841978
249,1.6084194588331786,-8.48872798841978
250,0.6465571875393163,-8.48872798841978
251,1.0943219463234872,-8.48872798841978
252,-0.7638489867358305,-8.48872798841978
253,0.8573927854386881,-8.48872798841978
254,-1.7943490832455333,-8.48872798841978
255,1.5523765415962574,-8.48872798841978
256,-0.8899312598058341,-8.48872798841978
257,-2.293490394985689,-8.48872798841978
258,1.4066417247683451,-8.48872798841978
259,-0.9525620399699706,-8.48872798841978
260,-1.9158989200182839,-8.48872798841978
261,1.5313959837512803,-8.48872798841978
262,1.0951361615766664,-8.48872798841978
263,-1.1003764073886053,-8.48872798841978
264,-0.1414901156721418,-8.48872798841978
265,-1.3076474445740165,-8.48872798841978
266,-0.3875580918711679,-8.48872798841978
267,0.31043354569089626,-8.48872798841978
268,0.5168546529309277,-8.48872798841978
269,1.1234007171233737,-8.48872798841978
270,0.16701824266532955,-8.48872798841978
271,0.30725773735641015,-8.48872798841978
272,2.1725583675220586,-8.48872798841978
273,-1.7774120612339674,-8.48872798841978
274,0.11142158219178437,-8.48872798841978
275,0.04635666721226626,-8.48872798841978
276,-1.7376658028673617,-8.48872798841978
277,0.16240214966395913,-8.48872798841978
278,-1.4512685430976437,-8.48872798841978
279,0.21851426353847692,-8.48872798841978
280,0.518937157914739,-8.48872798841978
281,2.5066189582924583,-8.48872798841978
282,-1.0490676815384037,-8.48872798841978
283,0.743016997039278,-8.48872798841978
284,-0.05702029163990161,-8.48872798841978
285,0.034570659901102134,-8.48872798841978
286,0.20223781894978035,-8.48872798841978
287,-1.4968132748386591,-8.48872798841978
288,0.0391684078436219,-8.48872798841978
289,-3.009530446691704,-8.48872798841978
290,0.819791324151789,-8.48872798841978
291,-1.0436977197972963,-8.48872798841978
292,1.3207748342286207,-8.48872798841978
293,-0.1994571173401017,-8.48872798841978
294,1.1323031049355279,-8.48872798841978
295,-0.9193135624442108,-8.48872798841978
296,0.7973751551594817,-8.48872798841978
297,3.11195994154947,-8.48872798841978
298,0.4648988164249312,-8.48872798841978
299,0.04690877109658625,-8.48872798841978
300,0.6807051926739026,-8.48872798841978
301,-0.504220330527807,-8.48872798841978
302,-0.9657284880816254,-8.48872798841978
303,0.3793535281780656,-8.48872798841978
304,-1.7512610638765147,-8.48872798841978
305,0.28168478788751244,-8.48872798841978
306,-0.33252202430261,-8.48872798841978
307,-0.44790745852165625,-8.48872798841978
308,2.147875531154799,-8.48872798841978
309,-1.16841471348767,-8.48872798841978
310,0.5862591126705339,-8.48872798841978
311,-0.5312168715699771,-8.48872798841978
312,0.0982835897193087,-8.48872798841978
313,0.8197058470939583,-8.48872798841978
314,0.22095331167215418,-8.48872798841978
315,-0.46119425458180907,-8.48872798841978
316,1.4726178291818777,-8.48872798841978
317,-1.382770875800794,-8.48872798841978
318,-0.060721247748907796,-8.48872798841978
319,-0.8958620856037206,-8.48872798841978
320,0.7465795885097088,-8.48872798841978
321,0.5850882301339759,-8.48872798841978
322,-0.5791111638280717,-8.48872798841978
323,-1.6630720239695478,-8.48872798841978
324,-0.36802745482355553,-8.48872798841978
325,0.788777019298509,-8.48872798841978
326,-1.6501532237138936,-8.48872798841978
327,-1.189420001608739,-8.48872798841978
328,-2.0158594819060243,-8.48872798841978
329,-0.3664744956917539,-8.48872798841978
330,-0.26775960912443664,-8.48872798841978
331,-1.2310049560296694,-8.48872798841978
332,-0.4455140947857956,-8.48872798841978
333,0.9724490415714294,-8.48872798841978
334,-0.46734399961611056,-8.48872798841978
335,0.6014967442913572,-8.48872798841978
336,-0.06666372469168354,-8.48872798841978
337,-0.7303729981527591,-8.48872798841978
338,1.2556331576413444,-8.48872798841978
339,-1.1011601295225406,-8.48872798841978
340,-0.9418209811214957,-8.48872798841978
341,-1.8539360780156549,-8.48872798841978
342,-0.6561263275223933,-8.48872798841978
343,-1.2672360752237497,-8.48872798841978
344,0.692152511800829,-8.48872798841978
345,-1.0950764805591415,-8.48872798841978
346,1.7818798336851782,-8.48872798841978
347,-2.186751662610357,-8.48872798841978
348,0.9281041252176621,-8.48872798841978
349,0.5122181938103257,-8.48872798841978
350,0.24339589156428815,-8.48872798841978
351,-0.2797861784964383,-8.48872798841978
352,1.3517419795844814,-8.48872798841978
353,0.9311792867092749,-8.48872798841978
354,0.6022202849885253,-8.48872798841978
355,1.4210404263053995,-8.48872798841978
356,1.095235371364067,-8.48872798841978
357,-1.2907281578841208,-8.48872798841978
358,0.2364810026663685,-8.48872798841978
359,0.05391785011230418,-8.48872798841978
360,-0.6816626048766014,-8.48872798841978
361,-1.0854946774302734,-8.48872798841978
362,0.8417146474266676,-8.48872798841978
363,1.0077245393703316,-8.48872798841978
364,-1.018289576083745,-8.48872798841978
365,-1.3288174503930954,-8.48872798841978
366,-1.1038234849966595,-8.48872798841978
367,0.49535704201140546,-8.48872798841978
368,0.1302469854135498,-8.48872798841978
369,0.6617814697201778,-8.48872798841978
370,1.81290303060827,-8.48872798841978
371,0.2814513549822884,-8.48872798841978
372,-1.4459794331900961,-8.48872798841978
373,2.158697760579663,-8.48872798841978
374,-0.12365850906821375,-8.48872798841978
375,-0.6357166085713755,-8.48872798841978
376,1.7123598130975328,-8.48872798841978
377,-1.1109603703812534,-8.48872798841978
378,0.19620514097897543,-8.48872798841978
379,-0.35431215949885364,-8.48872798841978
380,-0.41831255009143,-8.48872798841978
381,-0.1654117844835729,-8.48872798841978
382,-0.8500776419676606,-8.48872798841978
383,-0.6730498924685857,-8.48872798841978
384,0.04348039653763807,-8.48872798841978
385,0.3928820920412926,-8.48872798841978
386,-0.7421147826654216,-8.48872798841978
387,0.3570829802724685,-8.48872798841978
388,0.0944713662929597,-8.48872798841978
389,1.1302616023203351,-8.48872798841978
390,-0.46820951089299157,-8.48872798841978
391,1.8976893721947028,-8.48872798841978
392,-0.37108646668946954,-8.48872798841978
393,-0.6428891693967334,-8.48872798841978
394,0.5012595455343664,-8.48872798841978
395,-2.3528387946382296,-8.48872798841978
396,0.3250755742921652,-8.48872798841978
397,0.9115951317826417,-8.48872798841978
398,1.087898052332906,-8.48872798841978
399,-0.18902014610624626,-8.48872798841978
400,1.3862724438945726,-8.48872798841978
401,0.03714415370129856,-8.48872798841978
402,-0.7013140524986061,-8.48872798841978
403,0.7114534058148267,-8.48872798841978
404,-0.30146337527518385,-8.48872798841978
405,-1.9194730173387349,-8.48872798841978
406,-0.2952361444751137,-8.48872798841978
407,-0.9682971918449154,-8.48872798841978
408,0.15041352969550958,-8.48872798841978
409,-2.49574577476523,-8.48872798841978
410,1.0702150402902242,-8.48872798841978
411,-0.13230001056150387,-8.48872798841978
412,-0.3755898070981433,-8.48872798841978
413,-0.16190599582011395,-8.48872798841978
414,-0.3075368426399653,-8.48872798841978
415,3.174259299215337,-8.48872798841978
416,-0.35701294452881194,-8.48872798841978
417,1.0278953703950666,-8.48872798841978
418,-0.08307379998293334,-8.48872798841978
419,-0.6358884204002573,-8.48872798841978
420,-0.8780610270888434,-8.48872798841978
421,-0.12269799182213816,-8.48872798841978
422,0.8263000825865847,-8.48872798841978
423,-1.1787890129773821,-8.48872798841978
424,-1.3672953271021897,-8.48872798841978
425,-1.9939430151695967,-8.48872798841978
426,-1.1003376071584405,-8.48872798841978
427,-2.76260452520478,-8.48872798841978
428,-0.3463930019298639,-8.48872798841978
429,0.6233015612280971,-8.48872798841978
430,1.4137500156676415,-8.48872798841978
431,-1.4677044419821506,-8.48872798841978
432,0.20244580200532483,-8.48872798841978
433,0.2928095479380605,-8.48872798841978
434,-1.701635357455181,-8.48872798841978
435,-2.127999217376805,-8.48872798841978
436,0.5056190141238982,-8.48872798841978
437,1.4398521791984689,-8.48872798841978
438,-2.268412793324287,-8.48872798841978
439,-0.4856868021104937,-8.48872798841978
440,-0.4217855592842166,-8.48872798841978
441,0.6219511438304607,-8.48872798841978
442,-0.18454997629742856,-8.48872798841978
443,0.8206294603147081,-8.48872798841978
444,-0.15157072639189761,-8.48872798841978
445,0.844444667248844,-8.48872798841978
446,1.1400223325216379,-8.48872798841978
447,-0.017280435815748726,-8.48872798841978
448,-1.6001605903214944,-8.48872798841978
449,1.8350309334533135,-8.48872798841978
450,0.27718963283826387,-8.48872798841978
451,0.519682088690347,-8.48872798841978
452,0.6202342000943909,-8.48872798841978
453,0.4614025016606234,-8.48872798841978
454,-1.55612631671618,-8.48872798841978
455,1.0625575470403423,-8.48872798841978
456,1.0723156455733234,-8.48872798841978
457,-1.2212316146615683,-8.48872798841978
458,-0.3191586424966288,-8.48872798841978
459,2.368292052797076,-8.48872798841978
460,0.15779886132607665,-8.48872798841978
461,-1.1379990300158107,-8.48872798841978
462,-0.40383819577817714,-8.48872798841978
463,-1.2183919047410918,-8.48872798841978
464,1.9961215519521043,-8.48872798841978
465,-0.3116146992495183,-8.48872798841978
466,0.4719951407418889,-8.48872798841978
467,0.06775110843270048,-8.48872798841978
468,1.6928449888696173,-8.48872798841978
469,0.9764961129216126,-8.48872798841978
470,-1.248114308101538,-8.48872798841978
471,1.831919682736266,-8.48872798841978
472,1.0984723025198426,-8.48872798841978
473,-1.271819285603423,-8.48872798841978
474,-0.3247840110395699,-8.48872798841978
475,-0.9660263222377983,-8.48872798841978
476,-0.26383907735475526,-8.48872798841978
477,-0.5415954472167253,-8.48872798841978
478,-1.5677028573776959,-8.48872798841978
479,-0.5684848019125733,-8.48872798841978
480,0.017320386560680894,-8.48872798841978
481,-0.2899603178087585,-8.48872798841978
482,1.0422625508906027,-8.48872798841978
483,0.3645812150905942,-8.48872798841978
484,-1.1983714178408162,-8.48872798841978
485,0.022629122481351543,-8.48872798841978
486,0.3738892797179096,-8.48872798841978
487,-0.3055551206340088,-8.48872798841978
488,-1.3097812103356807,-8.48872798841978
489,-0.32143209037250503,-8.48872798841978
490,-1.4767952642896436,-8.48872798841978
491,-1.0260694867549636,-8.48872798841978
492,-0.911859150991415,-8.48872798841978
493,0.5237553282333325,-8.48872798841978
494,0.12070775237452766,-8.48872798841978
495,2.0119028589864514,-8.48872798841978
496,-1.4331191330679816,-8.48872798841978
497,-0.905924933940963,-8.48872798841978
498,0.8215595684103957,-8.48872798841978
499,-0.23485495564033793,-8.48872798841978
500,1.982949937173952,-8.48872798841978
501,0.40700714045183756,-8.48872798841978
502,1.721858594449612,-8.48872798841978
503,0.34145070443892667,-8.48872798841978
504,-0.34918589655182974,-8.48872798841978
505,-1.6868268424158943,-8.48872798841978
506,-2.269606866511693,-8.48872798841978
507,-2.086433578444235,-8.48872798841978
508,-1.9712223119125576,-8.48872798841978
509,-1.2378477024390504,-8.48872798841978
510,1.5384081712233988,-8.48872798841978
511,1.309914322209011,-8.48872798841978
512,-0.5870939052036849,-8.48872798841978
513,0.3902004713178717,-8.48872798841978
514,-1.4178927775602828,-8.48872798841978
515,0.5486119464008471,-8.48872798841978
516,0.05430052188634148,-8.48872798841978
517,-0.9053362058491784,-8.48872798841978
518,0.32877187580554973,-8.48872798841978
519,-0.1965150632949828,-8.48872798841978
520,-1.2681807776379366,-8.48872798841978
521,0.9785758799448128,-8.48872798841978
522,1.9283186807043065,-8.48872798841978
523,0.4216969386955073,-8.48872798841978
524,0.08083959384009509,-8.48872798841978
525,0.0007465228335549242,-8.48872798841978
526,0.4086743541808299,-8.48872798841978
527,-0.4513532265069728,-8.48872798841978
528,-0.14338307975302536,-8.48872798841978
529,0.612208669107164,-8.48872798841978
530,-0.6730232900523025,-8.48872798841978
531,0.164719566864431,-8.48872798841978
532,-0.895719572009647,-8.48872798841978
533,0.5741752415707615,-8.48872798841978
534,0.6661221844087333,-8.48872798841978
535,0.016465327116269052,-8.48872798841978
536,-0.32301012831004994,-8.48872798841978
537,1.0689908894781606,-8.48872798841978
538,1.6440744625377042,-8.48872798841978
539,-2.799522884706492,-8.48872798841978
540,-0.4585137484839584,-8.48872798841978
541,0.23799708654690396,-8.48872798841978
542,-0.7100507880336445,-8.48872798841978
543,-0.7115438221584459,-8.48872798841978
544,1.1372117057425906,-8.48872798841978
545,-0.7164939138532246,-8.48872798841978
546,0.36437796812752143,-8.48872798841978
547,-0.20003801787845432,-8.48872798841978
548,0.9155066254698477,-8.48872798841978
549,-1.1077870338962723,-8.48872798841978
550,-0.24811597648582343,-8.48872798841978
551,-0.0024401639357505573,-8.48872798841978
552,-2.149509144945751,-8.48872798841978
553,-0.05159356387410685,-8.48872798841978
554,-0.591607569374903,-8.48872798841978
555,-0.6870617730927503,-8.48872798841978
556,-0.33483193568294334,-8.48872798841978
557,-1.2298888554706824,-8.48872798841978
558,-0.3224155188043378,-8.48872798841978
559,1.392835344079006,-8.48872798841978
560,-0.6175610679906621,-8.48872798841978
561,-0.1321369505145062,-8.48872798841978
562,-0.02679903650095043,-8.48872798841978
563,-1.828752061102113,-8.48872798841978
564,-1.940469837885223,-8.48872798841978
565,1.0784333842724103,-8.48872798841978
566,-0.8659570250895376,-8.48872798841978
567,-0.16402886500248248,-8.48872798841978
568,2.075074872152488,-8.48872798841978
569,-0.0603466494010261,-8.48872798841978
570,1.0494457204693013,-8.48872798841978
571,1.5318829757878092,-8.48872798841978
572,-1.1819308630535934,-8.48872798841978
573,0.7596164087887772,-8.48872798841978
574,-1.0613873331264783,-8.48872798841978
575,0.6062364881890703,-8.48872798841978
576,-0.7174939441067724,-8.48872798841978
577,-0.6078254355809238,-8.48872798841978
578,-0.8432157269275057,-8.48872798841978
579,-0.2930394699394255,-8.48872798841978
580,0.3185511607557588,-8.48872798841978
581,-0.305979205847501,-8.48872798841978
582,0.5201436328008957,-8.48872798841978
583,-0.48890356862191325,-8.48872798841978
584,-0.4028927964327692,-8.48872798841978
585,0.5168343352154691,-8.48872798841978
586,-0.8316662716382289,-8.48872798841978
587,-1.93218765106873,-8.48872798841978
588,-0.05784505194460696,-8.48872798841978
589,-0.46512200491390226,-8.48872798841978
590,-1.4832245887610336,-8.48872798841978
591,0.7155708078894017,-8.48872798841978
592,-1.2687375880499705,-8.48872798841978
593,-1.1927732018907633,-8.48872798841978
594,-0.3033368106442474,-8.48872798841978
595,0.40335636900021493,-8.48872798841978
596,0.4265336753919544,-8.48872798841978
597,-0.3397080424449189,-8.48872798841978
598,1.2045624292853494,-8.48872798841978
599,1.908155877065355,-8.48872798841978
600,1.588199177903406,-8.48872798841978
601,-1.862375314340667,-8.48872798841978
602,-0.6171516386572559,-8.48872798841978
603,0.9024081566765094,-8.48872798841978
604,-0.9648099469112298,-8.48872798841978
605,0.4222159850386711,-8.48872798841978
606,-0.03577451656575617,-8.48872798841978
607,0.4857028308885784,-8.48872798841978
608,0.38477497322084575,-8.48872798841978
609,0.397118472147518,-8.48872798841978
610,0.2153294208803171,-8.48872798841978
611,-1.06821861330271,-8.48872798841978
612,0.602817789987373,-8.48872798841978
613,-1.6440272007328394,-8.48872798841978
614,-0.2704309696641788,-8.48872798841978
615,-1.3481401963760073,-8.48872798841978
616,2.0348106821876333,-8.48872798841978
617,0.1658890499303858,-8.48872798841978
618,1.9890838476091275,-8.48872798841978
619,-0.48936046141686895,-8.48872798841978
620,-0.0022438549578944205,-8.48872798841978
621,0.7787483500633939,-8.48872798841978
622,1.0919676211565357,-8.48872798841978
623,0.02395983420337933,-8.48872798841978
624,0.09305195702064134,-8.48872798841978
625,0.5711618743894911,-8.48872798841978
626,0.7334158104452277,-8.48872798841978
627,-1.6036069302225742,-8.48872798841978
628,-0.015042793426012774,-8.48872798841978
629,-0.33281040648936555,-8.48872798841978
630,0.08819078560394629,-8.48872798841978
631,0.1830853942063235,-8.48872798841978
632,-2.422014975284069,-8.48872798841978
633,0.7373017876046017,-8.48872798841978
634,-1.6845478832200744,-8.48872798841978
635,0.6653626055611067,-8.48872798841978
636,0.8871288914369817,-8.48872798841978
637,0.4744640266367727,-8.48872798841978
638,1.0331660355528818,-8.48872798841978
639,-2.169459408648519,-8.48872798841978
640,0.40511399869608794,-8.48872798841978
641,-0.8452233362099937,-8.48872798841978
642,-2.468715226822659,-8.48872798841978
643,0.2453631815024228,-8.48872798841978
644,0.1820879549383258,-8.48872798841978
645,0.07946657841278951,-8.48872798841978
646,-0.17161297511497478,-8.48872798841978
647,0.7317187304854812,-8.48872798841978
648,-0.1610058657921193,-8.48872798841978
649,0.11232241563075063,-8.48872798841978
650,0.7555709414760333,-8.48872798841978
651,-2.2303598445902577,-8.48872798841978
652,1.057194093500407,-8.48872798841978
653,2.2772170909075875,-8.48872798841978
654,-0.3444670825561611,-8.48872798841978
655,-0.6924938911854875,-8.48872798841978
656,-1.712349341813223,-8.48872798841978
657,-1.3558228786261102,-8.48872798841978
658,0.6050956605571051,-8.48872798841978
659,0.6054300136933093,-8.48872798841978
660,-0.14083384934073945,-8.48872798841978
661,-0.28294863922488217,-8.48872798841978
662,2.2605520822432323,-8.48872798841978
663,1.1636561297931178,-8.48872798841978
664,-0.9728424571443977,-8.48872798841978
665,-0.542603519127345,-8.48872798841978
666,0.032090458435339676,-8.48872798841978
667,0.9094015671762731,-8.48872798841978
668,1.0177315068097197,-8.48872798841978
669,1.5115076958184046,-8.48872798841978
670,-0.148292589567518,-8.48872798841978
671,0.039942379284758744,-8.48872798841978
672,1.2185187451013477,-8.48872798841978
673,0.8661354819334226,-8.48872798841978
674,1.5632747969005214,-8.48872798841978
675,-0.34288231896569277,-8.48872798841978
676,0.33483965092138995,-8.48872798841978
677,0.5405877783824047,-8.48872798841978
678,0.5576391228164513,-8.48872798841978
679,0.8235668172687558,-8.48872798841978
680,-1.517301830156833,-8.48872798841978
681,-0.034658616687062015,-8.48872798841978
682,1.611692949230299,-8.48872798841978
683,1.4010109891310274,-8.48872798841978
684,1.3412187101334445,-8.48872798841978
685,0.14507423989717252,-8.48872798841978
686,-0.7734170334737317,-8.48872798841978
687,-1.9697928083723373,-8.48872798841978
688,0.8587803809574726,-8.48872798841978
689,-0.4595477895101231,-8.48872798841978
690,-0.2578699714956472,-8.48872798841978
691,-0.19740137662089532,-8.48872798841978
692,0.6584861981479901,-8.48872798841978
693,1.6141436217831038,-8.48872798841978
694,0.33962011064767306,-8.48872798841978
695,0.9792445922704072,-8.48872798841978
696,0.019918156762981132,-8.48872798841978
697,-0.995947349523928,-8.48872798841978
698,2.3405624121305144,-8.48872798841978
699,1.482011995398665,-8.48872798841978
700,0.7014319069076743,-8.48872798841978
701,1.7444962902462873,-8.48872798841978
702,-0.010197419382210877,-8.48872798841978
703,-0.35309883797585856,-8.48872798841978
704,1.3803284254299952,-8.48872798841978
705,-2.1266888611677577,-8.48872798841978
706,-0.12526939402297915,-8.48872798841978
707,-1.3689649300786104,-8.48872798841978
708,1.3900097508644458,-8.48872798841978
709,-0.2187364133847096,-8.48872798841978
710,-1.1717305979780464,-8.48872798841978
711,-0.36411101492327813,-8.48872798841978
712,-1.810624861707174,-8.48872798841978
713,0.9499386340484992,-8.48872798841978
714,0.9377934823013261,-8.48872798841978
715,1.450170120069203,-8.48872798841978
716,1.162445926305502,-8.48872798841978
717,-2.1534016811786443,-8.48872798841978
718,0.2981106911169993,-8.48872798841978
719,-1.1042934973378336,-8.48872798841978
720,1.0284184430153112,-8.48872798841978
721,0.45169820718013787,-8.48872798841978
722,0.14947524176439925,-8.48872798841978
723,0.00878818377773241,-8.48872798841978
724,1.5819561220454423,-8.48872798841978
725,-1.2764314836326922,-8.48872798841978
726,-1.238166218688327,-8.48872798841978
727,0.982359623809235,-8.48872798841978
728,0.2703924174048177,-8.48872798841978
729,-0.3200411913806512,-8.48872798841978
730,0.026624170545729617,-8.48872798841978
731,0.9335707239563625,-8.48872798841978
732,1.2862453004485117,-8.48872798841978
733,-0.29700728282585204,-8.48872798841978
734,-1.1156051821727626,-8.48872798841978
735,0.5575369569958954,-8.48872798841978
736,2.0254145451914223,-8.48872798841978
737,0.4493006301022358,-8.48872798841978
738,0.6615013576089149,-8.48872798841978
739,-0.433639226303949,-8.48872798841978
740,0.2062259489002259,-8.48872798841978
741,-0.24105330331319375,-8.48872798841978
742,-1.3010510846484946,-8.48872798841978
743,0.5288637278193361,-8.48872798841978
744,-0.4743864749131395,-8.48872798841978
745,-0.8961391563536734,-8.48872798841978
746,-1.5227820578174869,-8.48872798841978
747,-0.45007360958671366,-8.48872798841978
748,1.4524142253411363,-8.48872798841978
749,-0.10009996101466134,-8.48872798841978
750,1.5163025800647587,-8.48872798841978
751,1.6065507510399164,-8.48872798841978
752,-1.0615008780392041,-8.48872798841978
753,-2.511078978929439,-8.48872798841978
754,3.2865883723734077,-8.48872798841978
755,0.09724557058984852,-8.48872798841978
756,-0.6675281843783747,-8.48872798841978
757,1.43279565597665,-8.48872798841978
758,-1.871818969495695,-8.48872798841978
759,-0.4607600275804358,-8.48872798841978
760,1.6319942829886371,-8.48872798841978
761,-0.426369285048393,-8.48872798841978
762,0.701586937904097,-8.48872798841978
763,2.0962129764694732,-8.48872798841978
764,-0.6379280796052662,-8.48872798841978
765,1.2595576806954376,-8.48872798841978
766,0.493960809060749,-8.48872798841978
767,-1.7933882330093345,-8.48872798841978
